circ_id	cpm	circ_type	bsj	fsj	junc_ratio	gene_id	gene_name	gene_type
chr1:930155|931089	0.0537	exon	1.000	74.000	0.026	ENSG00000187634.13	SAMD11	protein_coding
chr1:1637081|1703995	0.1074	exon	2.000	8.000	0.333	ENSG00000268575.1,ENSG00000189339.12,ENSG00000008128.23,ENSG00000248333.9	ENSG00000268575,SLC35E2B,CDK11A,CDK11B	lncRNA,protein_coding,protein_coding,protein_coding
chr1:1637081|1704146	0.0537	exon	1.000	95.000	0.021	ENSG00000268575.1,ENSG00000189339.12,ENSG00000008128.23,ENSG00000248333.9	ENSG00000268575,SLC35E2B,CDK11A,CDK11B	lncRNA,protein_coding,protein_coding,protein_coding
chr1:1669664|1734835	0.1074	exon	2.000	24.000	0.143	ENSG00000268575.1,ENSG00000189339.12,ENSG00000215790.8,ENSG00000008128.23	ENSG00000268575,SLC35E2B,SLC35E2A,CDK11A	lncRNA,protein_coding,transcribed_unprocessed_pseudogene,protein_coding
chr1:1804419|1806538	0.0537	exon	1.000	495.000	0.004	ENSG00000078369.18	GNB1	protein_coding
chr1:8799334|8799927	0.0537	intron	1.000	2.000	0.500	ENSG00000142599.19	RERE	protein_coding
chr1:16484823|16631109	0.1611	exon	3.000	40.000	0.130	ENSG00000277344.1,ENSG00000219481.11,ENSG00000215908.10,ENSG00000206652.1,ENSG00000233421.5,ENSG00000225710.1,ENSG00000080947.15	RNU1-6P,NBPF1,CROCCP2,RNU1-1,LINC01783,PDE4DIPP8,CROCCP3	snRNA,protein_coding,transcribed_unprocessed_pseudogene,snRNA,lncRNA,unprocessed_pseudogene,transcribed_unprocessed_pseudogene
chr1:19110333|19110663	0.0537	intron	1.000	0.000	1.000	ENSG00000127481.15	UBR4	protein_coding
chr1:19110380|19119701	0.0537	exon	1.000	65.000	0.030	ENSG00000127481.15	UBR4	protein_coding
chr1:19268572|19304386	0.3758	exon	7.000	185.000	0.070	ENSG00000162482.5,ENSG00000053371.13,ENSG00000211454.16	AKR7A3,AKR7A2,AKR7L	protein_coding,protein_coding,polymorphic_pseudogene
chr1:21715389|21729832	0.0537	exon	1.000	78.000	0.025	ENSG00000090686.16	USP48	protein_coding
chr1:25801123|25809820	0.0537	exon	1.000	97.000	0.020	ENSG00000162430.18	SELENON	protein_coding
chr1:27121091|27135947	0.0537	intron	1.000	0.000	1.000	ENSG00000090020.11	SLC9A1	protein_coding
chr1:28580560|28581229	0.0537	exon	1.000	161.000	0.012	ENSG00000280498.1,ENSG00000197989.15,ENSG00000274582.1	SNORA16A,SNHG12,SNORA16A	snoRNA,lncRNA,snoRNA
chr1:30992390|30995220	0.0537	exon	1.000	155.000	0.013	ENSG00000134644.16	PUM1	protein_coding
chr1:31059204|31059577	0.0537	exon	1.000	151.000	0.013	ENSG00000134644.16	PUM1	protein_coding
chr1:32210250|32213006	0.0537	antisense	1.000	1.000	0.667	ENSG00000222046.3	DCDC2B	protein_coding
chr1:35358925|35361789	0.0537	exon	1.000	43.000	0.044	ENSG00000146463.12	ZMYM4	protein_coding
chr1:35816882|35822982	0.0537	exon	1.000	9.000	0.182	ENSG00000134698.11	AGO4	protein_coding
chr1:40771298|40771438	0.1611	exon	3.000	100.000	0.057	ENSG00000066136.21	NFYC	protein_coding
chr1:52073130|52074458	0.0537	intron	1.000	10.000	0.167	ENSG00000134717.18	BTF3L4	protein_coding
chr1:54721163|54737664	0.0537	exon	1.000	265.000	0.007	ENSG00000243725.7,ENSG00000271723.5	TTC4,MROH7-TTC4	protein_coding,protein_coding
chr1:62631240|62663130	0.0537	exon	1.000	45.000	0.043	ENSG00000213703.2,ENSG00000116641.18	ENSG00000213703,DOCK7	processed_pseudogene,protein_coding
chr1:64777623|64789514	0.0537	exon	1.000	58.000	0.033	ENSG00000162437.14	RAVER2	protein_coding
chr1:66958059|66963160	0.0537	exon	1.000	75.000	0.026	ENSG00000198160.15	MIER1	protein_coding
chr1:67412705|67412888	0.0537	exon	1.000	1072.000	0.002	ENSG00000142864.15	SERBP1	protein_coding
chr1:70244801|70250047	0.0537	exon	1.000	939.000	0.002	ENSG00000116754.14	SRSF11	protein_coding
chr1:70246835|70250047	0.0537	exon	1.000	105.000	0.019	ENSG00000116754.14	SRSF11	protein_coding
chr1:93221609|93264901	0.0537	exon	1.000	31.000	0.061	ENSG00000122483.18	CCDC18	protein_coding
chr1:113127846|113129032	0.1074	exon	2.000	14.000	0.222	ENSG00000198799.12	LRIG2	protein_coding
chr1:117402186|117405645	0.6442	exon	12.000	109.000	0.180	ENSG00000198162.12	MAN1A2	protein_coding
chr1:117402186|117414831	0.2684	exon	5.000	39.000	0.204	ENSG00000198162.12	MAN1A2	protein_coding
chr1:117402186|117420649	1.9863	exon	37.000	17.000	0.813	ENSG00000198162.12	MAN1A2	protein_coding
chr1:117402186|117442325	0.3758	exon	7.000	20.000	0.412	ENSG00000198162.12	MAN1A2	protein_coding
chr1:149943447|149943771	0.0537	exon	1.000	36.000	0.053	ENSG00000264522.6	OTUD7B	protein_coding
chr1:151298819|151298959	0.1074	exon	2.000	180.000	0.022	ENSG00000143393.17	PI4KB	protein_coding
chr1:153811731|153813452	0.1074	exon	2.000	77.000	0.049	ENSG00000143614.10	GATAD2B	protein_coding
chr1:155670320|155771217	0.1074	exon	2.000	123.000	0.031	ENSG00000116580.20,ENSG00000227673.1,ENSG00000163374.20	GON4L,ENSG00000227673,YY1AP1	protein_coding,lncRNA,protein_coding
chr1:156596460|156598121	0.0537	exon	1.000	471.000	0.004	ENSG00000160818.17	GPATCH4	protein_coding
chr1:160313990|160335322	0.0537	exon	1.000	162.000	0.012	ENSG00000202078.1,ENSG00000122218.16	Y_RNA,COPA	misc_RNA,protein_coding
chr1:160317314|160317455	0.0537	intron	1.000	4.000	0.333	ENSG00000235082.2	SUMO1P3	processed_pseudogene
chr1:168375973|168379782	0.0537	intron	1.000	3.000	0.400	ENSG00000227722.2	ENSG00000227722	transcribed_processed_pseudogene
chr1:171512032|171535597	0.0537	exon	1.000	540.000	0.004	ENSG00000117523.18	PRRC2C	protein_coding
chr1:171523221|171537473	0.0537	exon	1.000	428.000	0.005	ENSG00000117523.18	PRRC2C	protein_coding
chr1:171524821|171532961	0.0537	exon	1.000	768.000	0.003	ENSG00000117523.18	PRRC2C	protein_coding
chr1:171579354|171584541	0.0537	exon	1.000	258.000	0.008	ENSG00000117523.18	PRRC2C	protein_coding
chr1:204116507|204117707	0.0537	exon	1.000	19.000	0.095	ENSG00000143842.15	SOX13	protein_coding
chr1:205203719|205205675	0.0537	intron	1.000	2.000	0.500	ENSG00000133059.17	DSTYK	protein_coding
chr1:223771809|223772239	0.0537	exon	1.000	184.000	0.011	ENSG00000162909.18	CAPN2	protein_coding
chr1:224250212|224268133	0.0537	exon	1.000	187.000	0.011	ENSG00000221406.1,ENSG00000143748.18	MIR320B2,NVL	miRNA,protein_coding
chr1:224952670|224974153	0.0537	exon	1.000	51.000	0.038	ENSG00000185842.16	DNAH14	protein_coding
chr1:226056933|226059163	0.0537	intron	1.000	3.000	0.400	ENSG00000272562.2	H3-3A-DT	lncRNA
chr1:228401425|228401572	0.1074	intron	2.000	12.000	0.250	ENSG00000154370.16	TRIM11	protein_coding
chr1:235219793|235240451	0.0537	exon	1.000	58.000	0.033	ENSG00000054267.22	ARID4B	protein_coding
chr1:235458603|235496308	0.0537	exon	1.000	29.000	0.065	ENSG00000162885.14	B3GALNT2	protein_coding
chr1:235985379|236048989	0.0537	exon	1.000	111.000	0.018	ENSG00000116962.15	NID1	protein_coding
chr1:236806144|236816543	0.0537	exon	1.000	64.000	0.030	ENSG00000116984.15	MTR	protein_coding
chr1:243637611|243695716	0.0537	exon	1.000	70.000	0.028	ENSG00000117020.19	AKT3	protein_coding
chr1:245002121|245017326	0.0537	exon	1.000	17.000	0.105	ENSG00000203666.13	EFCAB2	protein_coding
chr1:247155566|247159813	0.1611	exon	3.000	15.000	0.286	ENSG00000196418.13	ZNF124	protein_coding
chr2:15467329|15504213	0.0537	exon	1.000	9.000	0.182	ENSG00000151779.13	NBAS	protein_coding
chr2:24252345|24295779	0.0537	exon	1.000	53.000	0.036	ENSG00000251805.1,ENSG00000198399.16	ENSG00000251805,ITSN2	scaRNA,protein_coding
chr2:24270671|24275849	0.1074	exon	2.000	37.000	0.098	ENSG00000251805.1,ENSG00000198399.16	ENSG00000251805,ITSN2	scaRNA,protein_coding
chr2:25531473|25607321	0.0537	exon	1.000	24.000	0.077	ENSG00000138101.20	DTNB	protein_coding
chr2:27668843|27685277	0.0537	exon	1.000	156.000	0.013	ENSG00000163798.13	SLC4A1AP	protein_coding
chr2:43226356|43226737	0.0537	antisense	1.000	95.000	0.021	ENSG00000152518.8	ZFP36L2	protein_coding
chr2:46950363|47029384	0.0537	exon	1.000	22.000	0.083	ENSG00000068724.17	TTC7A	protein_coding
chr2:47161723|47162320	0.0537	exon	1.000	1434.000	0.001	ENSG00000273269.3,ENSG00000143933.20	ENSG00000273269,CALM2	protein_coding,protein_coding
chr2:48328561|48346751	0.0537	exon	1.000	10.000	0.167	ENSG00000170802.17	FOXN2	protein_coding
chr2:55586618|55604076	0.0537	exon	1.000	51.000	0.038	ENSG00000275052.5	PPP4R3B	protein_coding
chr2:69544436|69643274	0.0537	exon	1.000	27.000	0.069	ENSG00000115977.21,ENSG00000232228.1	AAK1,RPL36AP16	protein_coding,processed_pseudogene
chr2:71393394|71398772	0.0537	exon	1.000	39.000	0.049	ENSG00000075292.19	ZNF638	protein_coding
chr2:74046278|74080591	0.0537	exon	1.000	7.000	0.222	ENSG00000187605.16	TET3	protein_coding
chr2:86539790|86542312	0.0537	intron	1.000	61.000	0.032	ENSG00000115561.16,ENSG00000249884.8	CHMP3,RNF103-CHMP3	protein_coding,protein_coding
chr2:95851694|95860074	0.0537	exon	1.000	37.000	0.051	ENSG00000174501.15	ANKRD36C	protein_coding
chr2:97200334|97208006	0.1074	exon	2.000	13.000	0.235	ENSG00000135976.21	ANKRD36	protein_coding
chr2:99360236|99371730	0.0537	exon	1.000	347.000	0.006	ENSG00000158417.11	EIF5B	protein_coding
chr2:99438601|99442469	0.0537	exon	1.000	29.000	0.065	ENSG00000135945.10	REV1	protein_coding
chr2:101852430|101859864	0.0537	intron	1.000	49.000	0.039	ENSG00000071054.17	MAP4K4	protein_coding
chr2:128191786|128194138	0.3758	exon	7.000	48.000	0.226	ENSG00000136731.13	UGGT1	protein_coding
chr2:131149197|131149335	0.0537	exon	1.000	139.000	0.014	ENSG00000115762.17	PLEKHB2	protein_coding
chr2:135748267|135776351	0.0537	exon	1.000	109.000	0.018	ENSG00000144224.17	UBXN4	protein_coding
chr2:135748267|135783613	0.0537	exon	1.000	69.000	0.028	ENSG00000144224.17	UBXN4	protein_coding
chr2:135943449|135979315	0.0537	exon	1.000	298.000	0.007	ENSG00000115866.11	DARS1	protein_coding
chr2:158680779|158680918	0.0537	exon	1.000	106.000	0.019	ENSG00000144283.23	PKP4	protein_coding
chr2:169872236|169942634	0.1074	exon	2.000	25.000	0.138	ENSG00000144357.18	UBR3	protein_coding
chr2:171925537|171953001	0.0537	exon	1.000	266.000	0.007	ENSG00000128708.13	HAT1	protein_coding
chr2:174223033|174229451	0.0537	exon	1.000	334.000	0.006	ENSG00000138430.16	OLA1	protein_coding
chr2:190895152|190931637	0.0537	exon	1.000	102.000	0.019	ENSG00000115419.13	GLS	protein_coding
chr2:199419565|199433514	0.0537	intron	1.000	20.000	0.091	ENSG00000119042.17	SATB2	protein_coding
chr2:213310059|213340270	0.0537	exon	1.000	28.000	0.067	ENSG00000144451.20	SPAG16	protein_coding
chr2:216113016|216130987	0.0537	exon	1.000	847.000	0.002	ENSG00000079246.16	XRCC5	protein_coding
chr2:231463100|231463241	0.1074	exon	2.000	1011.000	0.004	ENSG00000115053.17	NCL	protein_coding
chr2:231711370|231711983	0.5905	exon	11.000	7832.000	0.003	ENSG00000277986.1,ENSG00000187514.17	U4,PTMA	snRNA,protein_coding
chr2:232087487|232088040	0.0537	intron	1.000	14.000	0.125	ENSG00000144535.20	DIS3L2	protein_coding
chr2:241249955|241253464	0.0537	exon	1.000	658.000	0.003	ENSG00000115677.18	HDLBP	protein_coding
chr2:241704653|241712071	0.0537	exon	1.000	106.000	0.019	ENSG00000168395.16	ING5	protein_coding
chr3:11355421|11477268	0.0537	intron	1.000	3.000	0.400	ENSG00000197548.13	ATG7	protein_coding
chr3:15304103|15415942	0.0537	exon	1.000	52.000	0.037	ENSG00000226427.1,ENSG00000206562.12,ENSG00000131370.16	HMGN2P7,METTL6,SH3BP5	processed_pseudogene,protein_coding,protein_coding
chr3:17009674|17014911	0.0537	exon	1.000	34.000	0.056	ENSG00000154822.18	PLCL2	protein_coding
chr3:47489250|47490325	0.0537	intergenic	1.000	8.000	0.200	None	None	None
chr3:47622207|47638780	0.1074	exon	2.000	359.000	0.011	ENSG00000173473.11	SMARCC1	protein_coding
chr3:48224354|48241214	0.0537	exon	1.000	40.000	0.048	ENSG00000164047.6,ENSG00000164048.14	CAMP,ZNF589	protein_coding,protein_coding
chr3:52402852|52403221	0.0537	exon	1.000	337.000	0.006	ENSG00000163930.10	BAP1	protein_coding
chr3:56660731|56673725	0.0537	exon	1.000	33.000	0.057	ENSG00000163946.14	TASOR	protein_coding
chr3:56673580|56682710	0.0537	exon	1.000	64.000	0.030	ENSG00000163946.14	TASOR	protein_coding
chr3:57382262|57386603	0.0537	exon	1.000	0.000	1.000	ENSG00000174844.15	DNAH12	protein_coding
chr3:100736642|100744931	0.0537	exon	1.000	337.000	0.006	ENSG00000114354.15	TFG	protein_coding
chr3:101664538|101672213	0.0537	exon	1.000	52.000	0.037	ENSG00000066422.6	ZBTB11	protein_coding
chr3:107710452|107716849	0.0537	exon	1.000	70.000	0.028	ENSG00000114439.19	BBX	protein_coding
chr3:108551283|108552310	0.0537	exon	1.000	115.000	0.017	ENSG00000163507.15	CIP2A	protein_coding
chr3:108646617|108651162	0.0537	exon	1.000	47.000	0.041	ENSG00000198919.13	DZIP3	protein_coding
chr3:113088623|113268445	0.0537	exon	1.000	17.000	0.105	ENSG00000144857.15,ENSG00000240057.7	BOC,ENSG00000240057	protein_coding,lncRNA
chr3:113088623|113270944	0.2147	exon	4.000	9.000	0.471	ENSG00000144857.15,ENSG00000240057.7	BOC,ENSG00000240057	protein_coding,lncRNA
chr3:141860884|141876910	0.0537	exon	1.000	286.000	0.007	ENSG00000069849.11,ENSG00000286822.1	ATP1B3,ENSG00000286822	protein_coding,lncRNA
chr3:149846011|149912083	0.0537	exon	1.000	79.000	0.025	ENSG00000082996.20	RNF13	protein_coding
chr3:160411920|160412849	0.0537	exon	1.000	299.000	0.007	ENSG00000113810.16	SMC4	protein_coding
chr3:160413473|160423840	0.1074	exon	2.000	277.000	0.014	ENSG00000113810.16	SMC4	protein_coding
chr3:169976946|169985189	0.0537	exon	1.000	198.000	0.010	ENSG00000008952.17	SEC62	protein_coding
chr3:169976946|169988359	0.0537	exon	1.000	212.000	0.009	ENSG00000008952.17	SEC62	protein_coding
chr3:177026373|177053918	0.0537	exon	1.000	58.000	0.033	ENSG00000177565.18	TBL1XR1	protein_coding
chr3:196487399|196488683	0.0537	exon	1.000	36.000	0.053	ENSG00000163961.4	RNF168	protein_coding
chr4:1231635|1241519	0.0537	intron	1.000	78.000	0.025	ENSG00000159692.16	CTBP1	protein_coding
chr4:4273583|4283665	0.0537	exon	1.000	211.000	0.009	ENSG00000145220.14	LYAR	protein_coding
chr4:4274367|4281897	0.0537	exon	1.000	445.000	0.004	ENSG00000145220.14	LYAR	protein_coding
chr4:15586157|15686462	0.0537	exon	1.000	70.000	0.028	ENSG00000288606.1,ENSG00000237765.8,ENSG00000048342.18	ENSG00000288606,FAM200B,CC2D2A	lncRNA,protein_coding,protein_coding
chr4:17961903|17972885	0.0537	exon	1.000	37.000	0.051	ENSG00000178177.16	LCORL	protein_coding
chr4:20256672|20268881	0.0537	exon	1.000	323.000	0.006	ENSG00000145147.20	SLIT2	protein_coding
chr4:22389088|22398138	0.0537	intron	1.000	22.000	0.083	ENSG00000152990.14	ADGRA3	protein_coding
chr4:53383773|53389873	0.0537	exon	1.000	107.000	0.018	ENSG00000282278.1,ENSG00000145216.16	ENSG00000282278,FIP1L1	protein_coding,protein_coding
chr4:70762519|70768661	0.0537	exon	1.000	51.000	0.038	ENSG00000018189.13	RUFY3	protein_coding
chr4:75964135|75982037	0.0537	exon	1.000	123.000	0.016	ENSG00000198301.12	SDAD1	protein_coding
chr4:77047646|77048398	0.0537	exon	1.000	756.000	0.003	ENSG00000118816.11	CCNI	protein_coding
chr4:82866808|82880922	0.0537	exon	1.000	124.000	0.016	ENSG00000138674.17	SEC31A	protein_coding
chr4:103180389|103181379	0.0537	exon	1.000	80.000	0.024	ENSG00000138778.14	CENPE	protein_coding
chr4:106324985|106337037	0.0537	exon	1.000	187.000	0.011	ENSG00000164022.18	AIMP1	protein_coding
chr4:128074460|128077962	0.0537	exon	1.000	112.000	0.018	ENSG00000138709.19	LARP1B	protein_coding
chr4:128884408|129035589	0.0537	intron	1.000	4.000	0.333	ENSG00000151466.12	SCLT1	protein_coding
chr4:133162977|133163282	0.0537	exon	1.000	100.000	0.020	ENSG00000138650.9	PCDH10	protein_coding
chr4:148018500|148023413	0.0537	intron	1.000	11.000	0.154	ENSG00000071205.12	ARHGAP10	protein_coding
chr5:14402892|14403549	0.0537	intron	1.000	0.000	1.000	ENSG00000038382.21	TRIO	protein_coding
chr5:34935710|35003863	0.0537	intron	1.000	29.000	0.065	ENSG00000168724.17	DNAJC21	protein_coding
chr5:50759643|50763242	0.0537	exon	1.000	27.000	0.069	ENSG00000151883.19	PARP8	protein_coding
chr5:74834426|74841679	0.0537	exon	1.000	24.000	0.077	ENSG00000198780.13	FAM169A	protein_coding
chr5:87395044|87495319	0.0537	intron	1.000	47.000	0.041	ENSG00000200462.1,ENSG00000134480.16	RNU6-727P,CCNH	snRNA,protein_coding
chr5:88282042|88292643	0.0537	exon	1.000	18.000	0.100	ENSG00000247828.9	TMEM161B-DT	lncRNA
chr5:94643273|94654752	0.1074	exon	2.000	39.000	0.093	ENSG00000133302.13	SLF1	protein_coding
chr5:124639133|124649697	0.0537	exon	1.000	5.000	0.286	ENSG00000168916.16	ZNF608	protein_coding
chr5:134741063|134744052	0.0537	exon	1.000	187.000	0.011	ENSG00000164615.6	CAMLG	protein_coding
chr5:140485589|140505869	0.0537	exon	1.000	111.000	0.018	ENSG00000131503.21,ENSG00000254996.5	ANKHD1,ANKHD1-EIF4EBP3	protein_coding,protein_coding
chr5:157803650|157817547	0.0537	exon	1.000	203.000	0.010	ENSG00000113282.14	CLINT1	protein_coding
chr5:159194716|159203656	0.0537	exon	1.000	128.000	0.015	ENSG00000145860.12	RNF145	protein_coding
chr5:168500591|168510686	0.1074	exon	2.000	559.000	0.007	ENSG00000113643.9	RARS1	protein_coding
chr5:176336722|176337146	0.0537	exon	1.000	132.000	0.015	ENSG00000170085.18	SIMC1	protein_coding
chr5:178209330|178210272	0.0537	exon	1.000	2219.000	0.001	ENSG00000197451.12	HNRNPAB	protein_coding
chr5:179620892|179706003	0.0537	intron	1.000	762.000	0.003	ENSG00000204659.5,ENSG00000204661.9,ENSG00000169045.17	CBY3,C5orf60,HNRNPH1	protein_coding,lncRNA,protein_coding
chr5:179621335|179623114	0.0537	exon	1.000	1213.000	0.002	ENSG00000169045.17	HNRNPH1	protein_coding
chr5:179724729|179726759	0.0537	exon	1.000	1950.000	0.001	ENSG00000127022.16	CANX	protein_coding
chr6:4891713|4892379	0.0537	exon	1.000	35.000	0.054	ENSG00000153046.18	CDYL	protein_coding
chr6:16326394|16328470	0.0537	exon	1.000	10.000	0.167	ENSG00000288708.1,ENSG00000124788.19	ENSG00000288708,ATXN1	protein_coding,protein_coding
chr6:17457339|17463073	0.0537	intron	1.000	13.000	0.133	ENSG00000112186.13	CAP2	protein_coding
chr6:18236452|18258405	0.1074	exon	2.000	290.000	0.014	ENSG00000124795.17	DEK	protein_coding
chr6:18256361|18258405	0.0537	exon	1.000	505.000	0.004	ENSG00000124795.17	DEK	protein_coding
chr6:25580924|25600746	0.0537	exon	1.000	11.000	0.154	ENSG00000079691.18	CARMIL1	protein_coding
chr6:34288740|34341972	0.0537	exon	1.000	197.000	0.010	ENSG00000270800.3,ENSG00000272325.2	RPS10-NUDT3,NUDT3	protein_coding,protein_coding
chr6:43145235|43158924	0.0537	exon	1.000	128.000	0.015	ENSG00000112655.16	PTK7	protein_coding
chr6:78982886|79026164	0.0537	exon	1.000	145.000	0.014	ENSG00000146247.14	PHIP	protein_coding
chr6:82957312|83044659	0.0537	exon	1.000	61.000	0.032	ENSG00000118420.17	UBE3D	protein_coding
chr6:89862126|89871388	0.0537	exon	1.000	26.000	0.071	ENSG00000118412.13	CASP8AP2	protein_coding
chr6:100848148|100848707	0.0537	exon	1.000	28.000	0.067	ENSG00000112249.14	ASCC3	protein_coding
chr6:110887505|110890356	0.0537	exon	1.000	445.000	0.004	ENSG00000123505.19	AMD1	protein_coding
chr6:112978467|112988345	0.0537	intron	1.000	3.000	0.400	ENSG00000288560.1	ENSG00000288560	lncRNA
chr6:133301648|133322162	0.0537	intron	1.000	2.000	0.500	ENSG00000112319.20	EYA4	protein_coding
chr6:144537582|144557311	0.0537	exon	1.000	35.000	0.054	ENSG00000152818.19	UTRN	protein_coding
chr6:152201824|152215060	0.1074	exon	2.000	5.000	0.444	ENSG00000131018.25	SYNE1	protein_coding
chr6:154773989|154778045	0.0537	exon	1.000	31.000	0.061	ENSG00000213079.10	SCAF8	protein_coding
chr6:156829227|156829421	0.0537	exon	1.000	38.000	0.050	ENSG00000049618.24	ARID1B	protein_coding
chr6:157036835|157084905	0.0537	exon	1.000	10.000	0.167	ENSG00000049618.24,ENSG00000288910.1	ARID1B,ENSG00000288910	protein_coding,lncRNA
chr6:157071182|157084905	0.0537	exon	1.000	25.000	0.074	ENSG00000049618.24	ARID1B	protein_coding
chr6:167864551|167864746	0.0537	exon	1.000	2.000	0.500	ENSG00000130396.21	AFDN	protein_coding
chr6:167864551|167891029	0.0537	exon	1.000	26.000	0.071	ENSG00000130396.21	AFDN	protein_coding
chr6:167870386|167891029	0.0537	exon	1.000	11.000	0.154	ENSG00000130396.21	AFDN	protein_coding
chr6:170543601|170549113	0.0537	exon	1.000	1143.000	0.002	ENSG00000008018.9	PSMB1	protein_coding
chr7:1957629|1980541	0.0537	exon	1.000	17.000	0.105	ENSG00000002822.16,ENSG00000286192.1	MAD1L1,ENSG00000286192	protein_coding,protein_coding
chr7:1957629|2002121	0.0537	exon	1.000	65.000	0.030	ENSG00000002822.16,ENSG00000286192.1	MAD1L1,ENSG00000286192	protein_coding,protein_coding
chr7:2200262|2222754	0.0537	exon	1.000	24.000	0.077	ENSG00000002822.16,ENSG00000286192.1	MAD1L1,ENSG00000286192	protein_coding,protein_coding
chr7:10982372|10990847	0.1074	exon	2.000	46.000	0.080	ENSG00000106443.17	PHF14	protein_coding
chr7:10982372|11022979	0.0537	exon	1.000	130.000	0.015	ENSG00000106443.17	PHF14	protein_coding
chr7:26193251|26193598	0.1611	exon	3.000	3214.000	0.002	ENSG00000122566.22	HNRNPA2B1	protein_coding
chr7:42223130|42223295	0.0537	exon	1.000	15.000	0.118	ENSG00000106571.15	GLI3	protein_coding
chr7:47865216|47866614	0.0537	exon	1.000	0.000	1.000	ENSG00000158683.10	PKD1L1	protein_coding
chr7:50669722|50669863	0.0537	exon	1.000	75.000	0.026	ENSG00000106070.20	GRB10	protein_coding
chr7:77571078|77611046	0.0537	exon	1.000	51.000	0.038	ENSG00000127947.16	PTPN12	protein_coding
chr7:97136388|97142818	0.0537	exon	1.000	7.000	0.222	ENSG00000196636.8	SDHAF3	protein_coding
chr7:99078397|99078632	0.0537	intron	1.000	0.000	1.000	ENSG00000198742.10	SMURF1	protein_coding
chr7:100097301|100188389	0.0537	intron	1.000	749.000	0.003	ENSG00000214142.2,ENSG00000197093.11,ENSG00000242798.1,ENSG00000146826.17,ENSG00000106290.16,ENSG00000166508.18,ENSG00000213420.8,ENSG00000288976.1,ENSG00000284518.1	RPL7P60,GAL3ST4,ENSG00000242798,TRAPPC14,TAF6,MCM7,GPC2,ENSG00000288976,MIR4658	processed_pseudogene,protein_coding,lncRNA,protein_coding,protein_coding,protein_coding,protein_coding,lncRNA,miRNA
chr7:103321932|103322794	0.0537	exon	1.000	238.000	0.008	ENSG00000105821.15	DNAJC2	protein_coding
chr7:105038126|105091314	0.0537	exon	1.000	46.000	0.042	ENSG00000288914.1,ENSG00000289360.1,ENSG00000005483.22	ENSG00000288914,ENSG00000289360,KMT2E	protein_coding,protein_coding,protein_coding
chr7:105974844|106004687	0.0537	exon	1.000	4.000	0.333	ENSG00000128536.16	CDHR3	protein_coding
chr7:128337131|128516710	0.1074	intron	2.000	81.000	0.047	ENSG00000238590.1,ENSG00000106348.18,ENSG00000228700.1,ENSG00000106344.8,ENSG00000224940.9,ENSG00000276988.1	RNU7-54P,IMPDH1,ENSG00000228700,RBM28,PRRT4,Metazoa_SRP	snRNA,protein_coding,processed_pseudogene,protein_coding,protein_coding,misc_RNA
chr7:129205203|129206587	0.0537	exon	1.000	79.000	0.025	ENSG00000128602.11	SMO	protein_coding
chr7:130026158|130045488	0.0537	exon	1.000	64.000	0.030	ENSG00000091732.17	ZC3HC1	protein_coding
chr7:131387120|131411383	0.0537	exon	1.000	38.000	0.050	ENSG00000128585.18	MKLN1	protein_coding
chr7:134451586|134459054	0.1611	exon	3.000	754.000	0.008	ENSG00000085662.14	AKR1B1	protein_coding
chr7:139237005|139266403	0.0537	exon	1.000	9.000	0.182	ENSG00000157741.15	UBN2	protein_coding
chr7:141745496|141750389	0.0537	exon	1.000	1150.000	0.002	ENSG00000106028.11	SSBP1	protein_coding
chr7:149090623|149118348	0.0537	exon	1.000	23.000	0.080	ENSG00000197362.15,ENSG00000204947.9	ZNF786,ZNF425	protein_coding,protein_coding
chr7:154960893|154962458	0.0537	exon	1.000	163.000	0.012	ENSG00000157212.19	PAXIP1	protein_coding
chr7:155672867|155680908	0.0537	exon	1.000	61.000	0.032	ENSG00000184863.11	RBM33	protein_coding
chr7:158869855|158876691	0.3758	exon	7.000	33.000	0.298	ENSG00000126870.16	DYNC2I1	protein_coding
chr7:158879684|158906091	0.0537	exon	1.000	86.000	0.023	ENSG00000126870.16	DYNC2I1	protein_coding
chr8:668598|674047	0.0537	exon	1.000	52.000	0.037	ENSG00000104714.14	ERICH1	protein_coding
chr8:18799295|18804898	0.0537	exon	1.000	10.000	0.167	ENSG00000156011.18	PSD3	protein_coding
chr8:19822439|19837160	0.0537	exon	1.000	118.000	0.017	ENSG00000104613.12	INTS10	protein_coding
chr8:38133454|38135766	0.0537	exon	1.000	38.000	0.050	ENSG00000129691.16	ASH2L	protein_coding
chr8:38453815|38453956	0.1074	intron	2.000	1.000	0.800	ENSG00000077782.22	FGFR1	protein_coding
chr8:42436989|42535335	0.0537	exon	1.000	31.000	0.061	ENSG00000168575.10	SLC20A2	protein_coding
chr8:51860861|51861246	0.0537	exon	1.000	3.000	0.400	ENSG00000168300.14	PCMTD1	protein_coding
chr8:60741259|60781430	0.0537	exon	1.000	97.000	0.020	ENSG00000171316.12	CHD7	protein_coding
chr8:60938029|60938246	0.0537	exon	1.000	0.000	1.000	ENSG00000255397.1	NASPP1	processed_pseudogene
chr8:67131951|67137603	0.1611	exon	3.000	81.000	0.069	ENSG00000104218.16	CSPP1	protein_coding
chr8:81713918|81718224	0.0537	exon	1.000	168.000	0.012	ENSG00000104231.11	ZFAND1	protein_coding
chr8:97713662|97719189	0.0537	exon	1.000	499.000	0.004	ENSG00000147649.10	MTDH	protein_coding
chr8:104444248|104451404	0.0537	exon	1.000	0.000	1.000	ENSG00000147647.13	DPYS	protein_coding
chr8:108449823|108479110	0.0537	exon	1.000	91.000	0.022	ENSG00000104412.8	EMC2	protein_coding
chr8:119801794|119804019	0.0537	exon	1.000	47.000	0.041	ENSG00000064313.13	TAF2	protein_coding
chr8:123077111|123109620	0.0537	exon	1.000	34.000	0.056	ENSG00000156787.17	TBC1D31	protein_coding
chr8:130152736|130180880	0.0537	exon	1.000	40.000	0.048	ENSG00000153317.15	ASAP1	protein_coding
chr8:140539320|140562634	0.0537	exon	1.000	53.000	0.036	ENSG00000123908.12	AGO2	protein_coding
chr8:143329350|143441120	0.0537	exon	1.000	117.000	0.017	ENSG00000014164.7,ENSG00000184428.13,ENSG00000182759.4,ENSG00000254389.3	ZC3H3,TOP1MT,MAFA,RHPN1-AS1	protein_coding,protein_coding,protein_coding,lncRNA
chr8:143507746|143586852	0.0537	exon	1.000	724.000	0.003	ENSG00000147813.16,ENSG00000254859.1,ENSG00000014164.7,ENSG00000204839.9,ENSG00000289161.1,ENSG00000104529.19	NAPRT,ENSG00000254859,ZC3H3,MROH6,ENSG00000289161,EEF1D	protein_coding,lncRNA,protein_coding,protein_coding,lncRNA,protein_coding
chr8:144096661|144097264	0.0537	exon	1.000	860.000	0.002	ENSG00000179091.5	CYC1	protein_coding
chr8:145054693|145054917	0.0537	exon	1.000	287.000	0.007	ENSG00000182307.14	C8orf33	protein_coding
chr9:4809267|4810358	0.0537	intron	1.000	0.000	1.000	ENSG00000120158.12	RCL1	protein_coding
chr9:5968019|5988545	0.4295	exon	8.000	41.000	0.281	ENSG00000183354.12	KIAA2026	protein_coding
chr9:20819796|20823115	0.0537	exon	1.000	20.000	0.091	ENSG00000188352.13	FOCAD	protein_coding
chr9:33528727|33558187	0.1074	exon	2.000	55.000	0.068	ENSG00000230453.10	ANKRD18B	protein_coding
chr9:33529000|33541227	0.0537	exon	1.000	63.000	0.031	ENSG00000230453.10	ANKRD18B	protein_coding
chr9:33960826|33989126	0.0537	exon	1.000	82.000	0.024	ENSG00000137073.24,ENSG00000226801.2	UBAP2,OSTCP8	protein_coding,processed_pseudogene
chr9:33960826|33996333	0.1074	exon	2.000	22.000	0.154	ENSG00000137073.24,ENSG00000226801.2	UBAP2,OSTCP8	protein_coding,processed_pseudogene
chr9:77337255|77371149	0.0537	exon	1.000	56.000	0.034	ENSG00000197969.14	VPS13A	protein_coding
chr9:85575315|85579096	0.0537	exon	1.000	118.000	0.017	ENSG00000135049.16	AGTPBP1	protein_coding
chr9:95970576|95978215	0.0537	exon	1.000	35.000	0.054	ENSG00000182150.19	ERCC6L2	protein_coding
chr9:98011316|98012472	0.3758	exon	7.000	1743.000	0.008	ENSG00000136938.9	ANP32B	protein_coding
chr9:120437295|120448126	0.0537	exon	1.000	90.000	0.022	ENSG00000136861.19	CDK5RAP2	protein_coding
chr9:122280443|122291840	0.0537	exon	1.000	129.000	0.015	ENSG00000148187.18	MRRF	protein_coding
chr9:124717783|124733349	0.0537	intron	1.000	16.000	0.111	ENSG00000148200.17	NR6A1	protein_coding
chr9:125129410|125129980	0.1074	intron	2.000	0.000	1.000	ENSG00000173611.18	SCAI	protein_coding
chr9:125669818|125724235	0.0537	intron	1.000	136.000	0.014	ENSG00000119487.17	MAPKAP1	protein_coding
chr9:128661124|128662808	0.0537	intergenic	1.000	1.000	0.667	None	None	None
chr9:131430090|131432794	0.1074	exon	2.000	90.000	0.043	ENSG00000288841.1,ENSG00000288701.1	ENSG00000288841,PRRC2B	protein_coding,protein_coding
chr9:132336989|132339722	0.0537	intron	1.000	4.000	0.333	ENSG00000107290.14	SETX	protein_coding
chr9:135907000|136050580	0.0537	exon	1.000	20.000	0.091	ENSG00000130559.19,ENSG00000130560.9,ENSG00000148411.8	CAMSAP1,UBAC1,NACC2	protein_coding,protein_coding,protein_coding
chr9:137555521|137619049	0.1074	intron	2.000	112.000	0.034	ENSG00000283411.1,ENSG00000197070.14,ENSG00000181090.21	ENSG00000283411,ARRDC1,EHMT1	lncRNA,protein_coding,protein_coding
chr10:863743|864270	0.0537	exon	1.000	67.000	0.029	ENSG00000107929.16	LARP4B	protein_coding
chr10:7276892|7285954	0.0537	exon	1.000	11.000	0.154	ENSG00000198879.13	SFMBT2	protein_coding
chr10:7797047|7802854	0.0537	exon	1.000	876.000	0.002	ENSG00000165629.20	ATP5F1C	protein_coding
chr10:7963920|7967153	0.0537	intron	1.000	27.000	0.069	ENSG00000165632.9	TAF3	protein_coding
chr10:11942665|11952249	0.0537	exon	1.000	65.000	0.030	ENSG00000151461.20	UPF2	protein_coding
chr10:12081472|12091684	0.0537	exon	1.000	18.000	0.100	ENSG00000181192.12	DHTKD1	protein_coding
chr10:12081472|12101181	0.0537	exon	1.000	48.000	0.040	ENSG00000181192.12	DHTKD1	protein_coding
chr10:27022558|27048979	0.1611	exon	3.000	17.000	0.261	ENSG00000107890.17	ANKRD26	protein_coding
chr10:27037186|27048979	0.1074	exon	2.000	39.000	0.093	ENSG00000107890.17	ANKRD26	protein_coding
chr10:31355144|31461237	0.0537	exon	1.000	6.000	0.250	ENSG00000148516.23,ENSG00000230397.1	ZEB1,SPTLC1P1	protein_coding,transcribed_processed_pseudogene
chr10:32035378|32035612	0.0537	intron	1.000	139.000	0.014	ENSG00000170759.11	KIF5B	protein_coding
chr10:32543300|32584304	0.0537	exon	1.000	0.000	1.000	ENSG00000216937.13	CCDC7	protein_coding
chr10:68522738|68523196	0.1611	intron	3.000	8.000	0.429	ENSG00000122912.15	SLC25A16	protein_coding
chr10:68722455|68773099	0.6442	exon	12.000	59.000	0.289	ENSG00000221184.1,ENSG00000283551.1,ENSG00000060339.14	ENSG00000221184,SNORD98,CCAR1	miRNA,snoRNA,protein_coding
chr10:68747374|68773099	0.0537	exon	1.000	209.000	0.009	ENSG00000221184.1,ENSG00000283551.1,ENSG00000060339.14	ENSG00000221184,SNORD98,CCAR1	miRNA,snoRNA,protein_coding
chr10:68755370|68773099	0.1074	exon	2.000	383.000	0.010	ENSG00000221184.1,ENSG00000060339.14	ENSG00000221184,CCAR1	miRNA,protein_coding
chr10:68957531|68967203	0.0537	intron	1.000	334.000	0.006	ENSG00000165732.14	DDX21	protein_coding
chr10:68959806|68960249	0.2147	exon	4.000	641.000	0.012	ENSG00000165732.14	DDX21	protein_coding
chr10:74600379|74602161	0.0537	intron	1.000	75.000	0.026	ENSG00000156110.15	ADK	protein_coding
chr10:87223718|87355425	0.0537	intron	1.000	2.000	0.500	ENSG00000224914.4,ENSG00000184923.12	LINC00863,NUTM2A	lncRNA,protein_coding
chr10:101521639|101538371	0.0537	exon	1.000	55.000	0.035	ENSG00000166167.18	BTRC	protein_coding
chr10:103440401|103440581	0.0537	exon	1.000	216.000	0.009	ENSG00000148843.15	PDCD11	protein_coding
chr10:121902391|121924329	0.0537	exon	1.000	40.000	0.048	ENSG00000107669.19	ATE1	protein_coding
chr10:125831420|125833946	0.0537	exon	1.000	756.000	0.003	ENSG00000107949.17	BCCIP	protein_coding
chr11:3720712|3828206	0.0537	exon	1.000	79.000	0.025	ENSG00000110713.17,ENSG00000177105.10	NUP98,RHOG	protein_coding,protein_coding
chr11:8452822|8464822	0.0537	exon	1.000	17.000	0.105	ENSG00000130413.16	STK33	protein_coding
chr11:11615766|11616093	0.0537	intron	1.000	1.000	0.667	ENSG00000110328.6	GALNT18	protein_coding
chr11:13413530|13421838	0.0537	exon	1.000	52.000	0.037	ENSG00000148925.11	BTBD10	protein_coding
chr11:14771937|14789242	0.0537	exon	1.000	12.000	0.143	ENSG00000152270.9	PDE3B	protein_coding
chr11:17110432|17114465	0.0537	exon	1.000	57.000	0.034	ENSG00000011405.14	PIK3C2A	protein_coding
chr11:31452718|31463305	0.0537	exon	1.000	48.000	0.040	ENSG00000148950.11	IMMP1L	protein_coding
chr11:31800691|31918231	0.1611	intron	3.000	62.000	0.088	ENSG00000007372.25	PAX6	protein_coding
chr11:46076754|46092223	0.0537	exon	1.000	14.000	0.125	ENSG00000135365.17	PHF21A	protein_coding
chr11:46808031|46821268	0.0537	exon	1.000	71.000	0.027	ENSG00000175216.15	CKAP5	protein_coding
chr11:47076628|47077405	0.0537	intron	1.000	0.000	1.000	ENSG00000149179.14	C11orf49	protein_coding
chr11:63976225|63988752	0.0537	exon	1.000	1532.000	0.001	ENSG00000167770.13,ENSG00000176340.4,ENSG00000256100.1	OTUB1,COX8A,ENSG00000256100	protein_coding,protein_coding,protein_coding
chr11:73843247|73844976	0.0537	exon	1.000	227.000	0.009	ENSG00000175581.14	MRPL48	protein_coding
chr11:77691159|77702495	0.0537	exon	1.000	115.000	0.017	ENSG00000048649.14	RSF1	protein_coding
chr11:78112650|78127436	0.0537	exon	1.000	340.000	0.006	ENSG00000159063.14	ALG8	protein_coding
chr11:103203663|103220783	0.0537	exon	1.000	59.000	0.033	ENSG00000187240.17	DYNC2H1	protein_coding
chr11:117244445|117246948	0.0537	exon	1.000	80.000	0.024	ENSG00000167257.11	RNF214	protein_coding
chr11:129266867|129267361	0.0537	intron	1.000	1.000	0.667	ENSG00000134909.19	ARHGAP32	protein_coding
chr11:130231639|130261029	0.0537	exon	1.000	75.000	0.026	ENSG00000196323.14	ZBTB44	protein_coding
chr11:134283737|134345129	0.2684	exon	5.000	10.000	0.500	ENSG00000149328.15,ENSG00000166105.16	GLB1L2,GLB1L3	protein_coding,protein_coding
chr12:8238667|8245119	0.3221	intron	6.000	10.000	0.545	ENSG00000164845.16	FAM86FP	transcribed_unprocessed_pseudogene
chr12:8713811|8714041	0.0537	exon	1.000	52.000	0.037	ENSG00000166532.16	RIMKLB	protein_coding
chr12:26481131|26655852	0.1074	exon	2.000	6.000	0.400	ENSG00000123104.12	ITPR2	protein_coding
chr12:43735798|43844928	0.2147	intron	4.000	0.000	1.000	ENSG00000198001.15,ENSG00000257896.1,ENSG00000139173.10	IRAK4,ENSG00000257896,TMEM117	protein_coding,transcribed_unprocessed_pseudogene,protein_coding
chr12:43737990|43844928	0.2147	exon	4.000	10.000	0.444	ENSG00000198001.15,ENSG00000257896.1,ENSG00000139173.10	IRAK4,ENSG00000257896,TMEM117	protein_coding,transcribed_unprocessed_pseudogene,protein_coding
chr12:48843940|48845782	0.0537	exon	1.000	145.000	0.014	ENSG00000174243.10	DDX23	protein_coding
chr12:49053207|49055361	0.0537	exon	1.000	16.000	0.111	ENSG00000167548.18	KMT2D	protein_coding
chr12:50685833|50796009	0.0537	exon	1.000	47.000	0.041	ENSG00000271018.1,ENSG00000066084.13,ENSG00000123268.9,ENSG00000200428.1	ENSG00000271018,DIP2B,ATF1,Y_RNA	processed_pseudogene,protein_coding,protein_coding,misc_RNA
chr12:56155419|56159730	0.1074	exon	2.000	1578.000	0.003	ENSG00000196465.10,ENSG00000092841.19	MYL6B,MYL6	protein_coding,protein_coding
chr12:66906152|66982416	0.0537	intron	1.000	0.000	1.000	ENSG00000155974.13,ENSG00000257083.7	GRIP1,ENSG00000257083	protein_coding,lncRNA
chr12:69593022|69593586	0.0537	exon	1.000	1112.000	0.002	ENSG00000166226.13	CCT2	protein_coding
chr12:71642436|71647813	0.1074	exon	2.000	34.000	0.105	ENSG00000133858.17	ZFC3H1	protein_coding
chr12:71657549|71660427	0.0537	intron	1.000	4.000	0.333	ENSG00000133858.17	ZFC3H1	protein_coding
chr12:79793863|79822190	0.1611	exon	3.000	138.000	0.042	ENSG00000058272.19,ENSG00000277130.1	PPP1R12A,ENSG00000277130	protein_coding,lncRNA
chr12:82386803|82456820	0.0537	exon	1.000	6.000	0.250	ENSG00000127720.8	METTL25	protein_coding
chr12:88096888|88115182	0.0537	exon	1.000	29.000	0.065	ENSG00000198707.17	CEP290	protein_coding
chr12:88106675|88118743	0.0537	exon	1.000	46.000	0.042	ENSG00000198707.17	CEP290	protein_coding
chr12:88148288|88176319	0.0537	exon	1.000	37.000	0.051	ENSG00000139324.12	TMTC3	protein_coding
chr12:89619999|89635251	0.0537	exon	1.000	115.000	0.017	ENSG00000070961.16	ATP2B1	protein_coding
chr12:108461630|108473186	0.0537	exon	1.000	1.000	0.667	ENSG00000247213.7	LINC01498	lncRNA
chr12:120168208|120190400	0.0537	exon	1.000	75.000	0.026	ENSG00000089154.11	GCN1	protein_coding
chr12:122594276|122624688	0.0537	exon	1.000	104.000	0.019	ENSG00000184445.12	KNTC1	protein_coding
chr12:124398119|124495368	0.1074	exon	2.000	40.000	0.091	ENSG00000196498.13	NCOR2	protein_coding
chr12:124911920|124914762	0.0537	exon	1.000	826.000	0.002	ENSG00000150991.16	UBC	protein_coding
chr12:130795995|130801488	0.0537	exon	1.000	62.000	0.031	ENSG00000111450.14	STX2	protein_coding
chr12:131764456|131778330	0.1074	exon	2.000	223.000	0.018	ENSG00000061936.10	SFSWAP	protein_coding
chr12:131766118|131778330	0.0537	exon	1.000	120.000	0.016	ENSG00000061936.10	SFSWAP	protein_coding
chr12:132508153|132508350	0.1074	exon	2.000	179.000	0.022	ENSG00000112787.14	FBRSL1	protein_coding
chr12:132664004|132737065	0.0537	exon	1.000	149.000	0.013	ENSG00000201469.1,ENSG00000176915.15,ENSG00000177084.18	RNA5SP379,ANKLE2,POLE	rRNA_pseudogene,protein_coding,protein_coding
chr13:19642115|19663126	0.0537	exon	1.000	86.000	0.023	ENSG00000196199.14	MPHOSPH8	protein_coding
chr13:41252645|41260915	0.0537	exon	1.000	39.000	0.049	ENSG00000120662.16	MTRF1	protein_coding
chr13:41811225|41883491	0.0537	exon	1.000	30.000	0.062	ENSG00000102763.18	VWA8	protein_coding
chr13:45959483|45969971	0.0537	exon	1.000	212.000	0.009	ENSG00000123200.17	ZC3H13	protein_coding
chr13:45975283|45989097	0.0537	exon	1.000	240.000	0.008	ENSG00000123200.17	ZC3H13	protein_coding
chr13:45985297|46020557	0.1074	exon	2.000	142.000	0.027	ENSG00000123200.17	ZC3H13	protein_coding
chr13:50757763|50832130	0.0537	intron	1.000	0.000	1.000	ENSG00000176124.15	DLEU1	lncRNA
chr13:73943981|73995053	0.0537	exon	1.000	16.000	0.111	ENSG00000118922.18	KLF12	protein_coding
chr13:77719532|77761110	0.0537	exon	1.000	56.000	0.034	ENSG00000139737.22	SLAIN1	protein_coding
chr13:79365578|79378907	0.0537	exon	1.000	180.000	0.011	ENSG00000139746.16	RBM26	protein_coding
chr13:94627198|94627337	0.0537	exon	1.000	24.000	0.077	ENSG00000152749.8	GPR180	protein_coding
chr13:113224780|113239551	0.1074	intron	2.000	21.000	0.160	ENSG00000139842.15	CUL4A	protein_coding
chr13:113520616|113539507	0.0537	exon	1.000	35.000	0.054	ENSG00000150403.18,ENSG00000276248.1	TMCO3,ENSG00000276248	protein_coding,lncRNA
chr14:22906195|22911403	0.0537	exon	1.000	171.000	0.012	ENSG00000100461.18	RBM23	protein_coding
chr14:23323965|23324255	0.1074	exon	2.000	1139.000	0.003	ENSG00000100836.11,ENSG00000258643.6	PABPN1,BCL2L2-PABPN1	protein_coding,protein_coding
chr14:32090502|32117287	0.1074	exon	2.000	46.000	0.080	ENSG00000100852.14	ARHGAP5	protein_coding
chr14:34780186|34826156	0.1074	exon	2.000	270.000	0.015	ENSG00000198604.11	BAZ1A	protein_coding
chr14:39177412|39177916	0.0537	exon	1.000	565.000	0.004	ENSG00000100941.9	PNN	protein_coding
chr14:39180775|39180921	0.0537	exon	1.000	871.000	0.002	ENSG00000100941.9	PNN	protein_coding
chr14:49825867|49834449	0.0537	exon	1.000	129.000	0.015	ENSG00000165525.18	NEMF	protein_coding
chr14:55601757|55619312	0.0537	exon	1.000	223.000	0.009	ENSG00000126777.18	KTN1	protein_coding
chr14:55612019|55619312	0.1074	exon	2.000	92.000	0.042	ENSG00000126777.18	KTN1	protein_coding
chr14:55653017|55656132	0.0537	exon	1.000	316.000	0.006	ENSG00000126777.18	KTN1	protein_coding
chr14:58263705|58270998	0.0537	exon	1.000	591.000	0.003	ENSG00000258682.1,ENSG00000100567.13	ENSG00000258682,PSMA3	lncRNA,protein_coding
chr14:60125637|60125823	0.0537	exon	1.000	84.000	0.023	ENSG00000126773.13	PCNX4	protein_coding
chr14:64383011|64383344	0.0537	intron	1.000	1.000	0.667	ENSG00000234911.3	TEX21P	transcribed_unitary_pseudogene
chr14:68047871|68069647	0.1611	intron	3.000	1.000	0.857	ENSG00000182185.19	RAD51B	protein_coding
chr14:77464598|77465667	0.1074	exon	2.000	755.000	0.005	ENSG00000100591.8	AHSA1	protein_coding
chr14:77931518|77933644	0.0537	exon	1.000	58.000	0.033	ENSG00000063761.16	ADCK1	protein_coding
chr14:92003419|92011072	0.0537	exon	1.000	29.000	0.065	ENSG00000100815.12	TRIP11	protein_coding
chr14:101666729|101856885	0.5368	intron	10.000	103.000	0.163	ENSG00000241494.1,ENSG00000207208.1,ENSG00000258512.1,ENSG00000078304.19	ENSG00000241494,RNU6-790P,LINC00239,PPP2R5C	processed_pseudogene,snRNA,lncRNA,protein_coding
chr14:103338327|103339803	0.0537	exon	1.000	885.000	0.002	ENSG00000100664.11	EIF5	protein_coding
chr15:40659339|40668370	0.0537	intron	1.000	27.000	0.069	ENSG00000137812.21	KNL1	protein_coding
chr15:41438321|41453048	0.1611	exon	3.000	61.000	0.090	ENSG00000137815.15	RTF1	protein_coding
chr15:41438321|41477515	0.0537	exon	1.000	131.000	0.015	ENSG00000137815.15	RTF1	protein_coding
chr15:43333311|43349045	0.1074	exon	2.000	36.000	0.100	ENSG00000168803.16	ADAL	protein_coding
chr15:44550863|44554667	0.0537	exon	1.000	213.000	0.009	ENSG00000104131.13	EIF3J	protein_coding
chr15:63155621|63156487	0.1074	exon	2.000	460.000	0.009	ENSG00000185088.14	RPS27L	protein_coding
chr15:65478880|65515791	0.0537	exon	1.000	37.000	0.051	ENSG00000074603.19	DPP8	protein_coding
chr15:72518067|72544964	0.0537	exon	1.000	135.000	0.015	ENSG00000166233.15	ARIH1	protein_coding
chr15:73560898|73561924	0.0537	exon	1.000	206.000	0.010	ENSG00000156642.17	NPTN	protein_coding
chr15:80153359|80162336	0.0537	intron	1.000	41.000	0.047	ENSG00000103876.14	FAH	protein_coding
chr15:83157534|83157952	0.0537	exon	1.000	155.000	0.013	ENSG00000166503.9	HDGFL3	protein_coding
chr15:85533584|85543955	0.0537	exon	1.000	5.000	0.286	ENSG00000170776.22	AKAP13	protein_coding
chr15:89326991|89327219	0.0537	exon	1.000	225.000	0.009	ENSG00000140521.17	POLG	protein_coding
chr15:92996957|93002317	0.2147	exon	4.000	85.000	0.086	ENSG00000173575.22	CHD2	protein_coding
chr15:93000512|93009323	0.0537	exon	1.000	42.000	0.045	ENSG00000173575.22	CHD2	protein_coding
chr15:93000512|93014909	0.1074	exon	2.000	98.000	0.039	ENSG00000173575.22	CHD2	protein_coding
chr16:192927|199238	0.1074	exon	2.000	318.000	0.012	ENSG00000007392.17	LUC7L	protein_coding
chr16:368328|368560	0.0537	exon	1.000	623.000	0.003	ENSG00000086504.18	MRPL28	protein_coding
chr16:1685439|1699047	0.0537	exon	1.000	272.000	0.007	ENSG00000261732.1,ENSG00000206053.13,ENSG00000278987.1	ENSG00000261732,JPT2,ENSG00000278987	protein_coding,protein_coding,TEC
chr16:2251316|2255726	0.0537	exon	1.000	844.000	0.002	ENSG00000205937.12,ENSG00000167969.13	RNPS1,ECI1	protein_coding,protein_coding
chr16:4823881|4832110	0.0537	exon	1.000	163.000	0.012	ENSG00000140632.17	GLYR1	protein_coding
chr16:4857990|4871301	0.1074	exon	2.000	68.000	0.056	ENSG00000118900.15	UBN1	protein_coding
chr16:11886777|11891089	0.0537	exon	1.000	518.000	0.004	ENSG00000103342.13	GSPT1	protein_coding
chr16:14997753|14998405	0.0537	exon	1.000	174.000	0.011	ENSG00000179889.20	PDXDC1	protein_coding
chr16:16086824|16111582	0.0537	exon	1.000	44.000	0.043	ENSG00000103222.20	ABCC1	protein_coding
chr16:23115764|23117951	0.0537	intron	1.000	1.000	0.667	ENSG00000103404.15	USP31	protein_coding
chr16:24750726|24764711	0.0537	intron	1.000	34.000	0.056	ENSG00000090905.19	TNRC6A	protein_coding
chr16:25054819|25111996	0.0537	intron	1.000	39.000	0.049	ENSG00000271105.1,ENSG00000262700.1,ENSG00000205629.12,ENSG00000262155.2,ENSG00000262587.3	SCML2P2,ENSG00000262700,LCMT1,LINC02175,ENSG00000262587	processed_pseudogene,processed_pseudogene,protein_coding,lncRNA,transcribed_unprocessed_pseudogene
chr16:31718913|31753900	0.0537	intron	1.000	14.000	0.125	ENSG00000197302.11	ZNF720	protein_coding
chr16:48222598|48231939	0.0537	exon	1.000	0.000	1.000	ENSG00000121270.16	ABCC11	protein_coding
chr16:53226366|53250066	0.0537	exon	1.000	30.000	0.062	ENSG00000177200.18,ENSG00000280227.1	CHD9,ENSG00000280227	protein_coding,TEC
chr16:53873786|53888951	0.0537	exon	1.000	96.000	0.020	ENSG00000140718.21	FTO	protein_coding
chr16:69695136|69695379	0.0537	exon	1.000	32.000	0.059	ENSG00000102908.22	NFAT5	protein_coding
chr16:70317496|70356906	0.0537	exon	1.000	96.000	0.020	ENSG00000168872.17,ENSG00000260537.2,ENSG00000157349.17	DDX19A,ENSG00000260537,DDX19B	protein_coding,protein_coding,protein_coding
chr16:72950469|72960194	0.0537	exon	1.000	11.000	0.154	ENSG00000140836.17	ZFHX3	protein_coding
chr16:74644362|74652122	0.0537	exon	1.000	124.000	0.016	ENSG00000168411.14	RFWD3	protein_coding
chr16:77971850|78164289	0.0537	exon	1.000	11.000	0.154	ENSG00000276007.1,ENSG00000171724.3,ENSG00000166509.12,ENSG00000186153.18	ENSG00000276007,VAT1L,CLEC3A,WWOX	lncRNA,protein_coding,protein_coding,protein_coding
chr16:87708350|87711443	0.0537	exon	1.000	116.000	0.017	ENSG00000104731.14	KLHDC4	protein_coding
chr16:87975048|88038011	0.0537	exon	1.000	42.000	0.045	ENSG00000172530.21	BANP	protein_coding
chr16:88577110|88586684	0.0537	exon	1.000	130.000	0.015	ENSG00000158545.16	ZC3H18	protein_coding
chr16:89305206|89305344	0.1074	exon	2.000	252.000	0.016	ENSG00000167522.17	ANKRD11	protein_coding
chr16:89305206|89317075	0.0537	exon	1.000	99.000	0.020	ENSG00000288715.1,ENSG00000167522.17	ENSG00000288715,ANKRD11	protein_coding,protein_coding
chr16:89749476|89812428	0.0537	intron	1.000	8.000	0.200	ENSG00000187741.15	FANCA	protein_coding
chr17:4337435|4339549	0.0537	intron	1.000	1.000	0.667	ENSG00000132388.13	UBE2G1	protein_coding
chr17:7236021|7236173	0.1074	exon	2.000	221.000	0.018	ENSG00000040633.13	PHF23	protein_coding
chr17:31238669|31240922	0.0537	intron	1.000	1.000	0.667	ENSG00000196712.19	NF1	protein_coding
chr17:32446945|32474824	0.0537	exon	1.000	492.000	0.004	ENSG00000108671.11	PSMD11	protein_coding
chr17:35834566|35845038	0.0537	exon	1.000	565.000	0.004	ENSG00000270647.7	TAF15	protein_coding
chr17:38776099|38776492	0.0537	antisense	1.000	2.000	0.500	ENSG00000276293.5	PIP4K2B	protein_coding
chr17:40395449|40396465	0.1074	exon	2.000	323.000	0.012	ENSG00000131747.15	TOP2A	protein_coding
chr17:40395449|40399131	0.0537	exon	1.000	769.000	0.003	ENSG00000131747.15	TOP2A	protein_coding
chr17:40406384|40406942	0.0537	exon	1.000	472.000	0.004	ENSG00000131747.15	TOP2A	protein_coding
chr17:45081644|45086652	0.1074	exon	2.000	356.000	0.011	ENSG00000136448.13	NMT1	protein_coding
chr17:46119968|46127304	0.0537	intron	1.000	1.000	0.667	ENSG00000120071.15	KANSL1	protein_coding
chr17:47652831|47656951	0.0537	exon	1.000	648.000	0.003	ENSG00000108424.11	KPNB1	protein_coding
chr17:50139510|50141345	0.0537	exon	1.000	173.000	0.011	ENSG00000108819.11	PPP1R9B	protein_coding
chr17:59644276|59773885	0.0537	exon	1.000	178.000	0.011	ENSG00000141367.12,ENSG00000062716.13	CLTC,VMP1	protein_coding,protein_coding
chr17:78004170|78009697	0.0537	intron	1.000	1.000	0.667	ENSG00000078687.17,ENSG00000279600.1	TNRC6C,ENSG00000279600	protein_coding,TEC
chr17:78004170|78031842	0.0537	exon	1.000	30.000	0.062	ENSG00000078687.17,ENSG00000279600.1	TNRC6C,ENSG00000279600	protein_coding,TEC
chr17:78223465|78379202	0.0537	intron	1.000	592.000	0.003	ENSG00000267737.1,ENSG00000283914.1,ENSG00000204278.13,ENSG00000087157.19,ENSG00000266970.2,ENSG00000089685.15	ENSG00000267737,ENSG00000283914,TMEM235,PGS1,SOCS3-DT,BIRC5	lncRNA,lncRNA,protein_coding,protein_coding,lncRNA,protein_coding
chr17:81683536|81869957	0.0537	exon	1.000	639.000	0.003	ENSG00000225663.8,ENSG00000262049.1,ENSG00000214087.9,ENSG00000185624.16,ENSG00000275902.1,ENSG00000141522.12,ENSG00000182676.5	MCRIP1,ENSG00000262049,ARL16,P4HB,ENSG00000275902,ARHGDIA,PPP1R27	protein_coding,lncRNA,protein_coding,protein_coding,lncRNA,protein_coding,protein_coding
chr17:82805875|82814934	0.0537	exon	1.000	83.000	0.024	ENSG00000141556.22	TBCD	protein_coding
chr17:82884145|82911789	0.0537	exon	1.000	72.000	0.027	ENSG00000141556.22	TBCD	protein_coding
chr18:9204476|9221999	0.1611	exon	3.000	4.000	0.600	ENSG00000101745.17,ENSG00000265257.5	ANKRD12,ENSG00000265257	protein_coding,lncRNA
chr18:9254211|9263888	0.0537	exon	1.000	30.000	0.062	ENSG00000101745.17,ENSG00000265257.5,ENSG00000273284.1	ANKRD12,ENSG00000265257,ENSG00000273284	protein_coding,lncRNA,lncRNA
chr18:12358670|12371691	0.0537	exon	1.000	101.000	0.019	ENSG00000141385.12	AFG3L2	protein_coding
chr18:21765772|21779685	0.1074	exon	2.000	22.000	0.154	ENSG00000101752.12	MIB1	protein_coding
chr18:22990937|22996462	0.1074	exon	2.000	151.000	0.026	ENSG00000101773.19	RBBP8	protein_coding
chr18:26285882|26292381	0.0537	exon	1.000	56.000	0.034	ENSG00000141384.13	TAF4B	protein_coding
chr18:39862144|39879305	0.1074	intron	2.000	3.000	0.571	ENSG00000267413.1	LINC01901	lncRNA
chr18:45878376|45901167	0.0537	exon	1.000	10.000	0.167	ENSG00000152223.15	EPG5	protein_coding
chr18:62348168|62349937	0.0537	exon	1.000	9.000	0.182	ENSG00000141655.17	TNFRSF11A	protein_coding
chr19:4261994|4312051	0.0537	exon	1.000	90.000	0.022	ENSG00000105255.11,ENSG00000105248.16,ENSG00000105251.11	FSD1,YJU2,SHD	protein_coding,protein_coding,protein_coding
chr19:5039836|5041251	0.0537	exon	1.000	36.000	0.053	ENSG00000127663.15	KDM4B	protein_coding
chr19:5047476|5082504	0.1074	exon	2.000	32.000	0.111	ENSG00000127663.15	KDM4B	protein_coding
chr19:5595361|5600260	0.0537	exon	1.000	227.000	0.009	ENSG00000130254.12	SAFB2	protein_coding
chr19:5641773|5645399	0.0537	exon	1.000	367.000	0.005	ENSG00000160633.13	SAFB	protein_coding
chr19:5700789|5705992	0.0537	exon	1.000	341.000	0.006	ENSG00000196365.12	LONP1	protein_coding
chr19:6230570|6270759	0.0537	exon	1.000	109.000	0.018	ENSG00000130382.9,ENSG00000280394.1	MLLT1,ENSG00000280394	protein_coding,TEC
chr19:8455405|8463686	0.0537	exon	1.000	1333.000	0.001	ENSG00000099783.12	HNRNPM	protein_coding
chr19:10163326|10175618	0.1074	exon	2.000	376.000	0.011	ENSG00000130816.17	DNMT1	protein_coding
chr19:10677163|10683970	0.0537	exon	1.000	1378.000	0.001	ENSG00000129351.17	ILF3	protein_coding
chr19:12517745|12528696	0.0537	intron	1.000	13.000	0.133	ENSG00000196826.7,ENSG00000269693.1,ENSG00000249709.8	ENSG00000196826,ENSG00000269693,ZNF564	protein_coding,protein_coding,protein_coding
chr19:17332268|17339599	0.1074	intron	2.000	0.000	1.000	ENSG00000130299.17	GTPBP3	protein_coding
chr19:17332272|17339599	0.4832	intron	9.000	191.000	0.086	ENSG00000130299.17	GTPBP3	protein_coding
chr19:18567132|18573748	0.0537	exon	1.000	3256.000	0.001	ENSG00000221983.8,ENSG00000105700.11	UBA52,KXD1	protein_coding,protein_coding
chr19:21098812|21166461	0.1074	exon	2.000	31.000	0.114	ENSG00000196705.8,ENSG00000268357.1,ENSG00000160352.16	ZNF431,VN1R81P,ZNF714	protein_coding,unprocessed_pseudogene,protein_coding
chr19:29985223|30012531	0.0537	exon	1.000	263.000	0.008	ENSG00000105176.18	URI1	protein_coding
chr19:38847316|38916314	0.0537	exon	1.000	972.000	0.002	ENSG00000187994.14,ENSG00000262484.2,ENSG00000269547.1,ENSG00000104835.15,ENSG00000068903.21,ENSG00000104824.18	RINL,CCER2,ENSG00000269547,SARS2,SIRT2,HNRNPL	protein_coding,protein_coding,protein_coding,protein_coding,protein_coding,protein_coding
chr19:41276159|41281275	0.0537	exon	1.000	737.000	0.003	ENSG00000105323.18	HNRNPUL1	protein_coding
chr19:45041735|45042202	0.0537	intron	1.000	1.000	0.667	ENSG00000104859.15	CLASRP	protein_coding
chr19:53976284|53976725	0.0537	intron	1.000	5.000	0.286	ENSG00000142408.7	CACNG8	protein_coding
chr20:3200001|3200443	0.0537	exon	1.000	423.000	0.005	ENSG00000198171.13	DDRGK1	protein_coding
chr20:13766777|13783183	0.0537	exon	1.000	116.000	0.017	ENSG00000089048.15	ESF1	protein_coding
chr20:35716740|35725155	0.0537	exon	1.000	683.000	0.003	ENSG00000131051.24	RBM39	protein_coding
chr20:35899370|35917662	0.0537	exon	1.000	73.000	0.027	ENSG00000025293.17	PHF20	protein_coding
chr20:35913249|35931444	0.0537	exon	1.000	47.000	0.041	ENSG00000025293.17	PHF20	protein_coding
chr20:37199101|37203960	0.0537	exon	1.000	621.000	0.003	ENSG00000118705.17	RPN2	protein_coding
chr20:38449668|38449812	0.0537	exon	1.000	6.000	0.250	ENSG00000174365.21	SNHG11	lncRNA
chr20:41061394|41084568	0.0537	exon	1.000	148.000	0.013	ENSG00000198900.7	TOP1	protein_coding
chr20:41076171|41084568	0.1074	exon	2.000	529.000	0.008	ENSG00000198900.7	TOP1	protein_coding
chr20:41533050|41533570	0.0537	exon	1.000	9.000	0.182	ENSG00000124177.16	CHD6	protein_coding
chr20:41533050|41551360	0.0537	exon	1.000	39.000	0.049	ENSG00000124177.16	CHD6	protein_coding
chr20:45949966|45950305	0.1074	exon	2.000	88.000	0.043	ENSG00000198026.8	ZNF335	protein_coding
chr20:49074785|49092127	0.0537	exon	1.000	542.000	0.004	ENSG00000124207.17	CSE1L	protein_coding
chr20:56406930|56412494	0.0537	intron	1.000	9.000	0.182	ENSG00000087589.17	CASS4	protein_coding
chr20:58438945|58441083	0.0537	exon	1.000	145.000	0.014	ENSG00000124164.16	VAPB	protein_coding
chr20:62854016|62860308	0.0537	exon	1.000	84.000	0.023	ENSG00000101190.13	TCFL5	protein_coding
chr20:63999045|64016845	0.0537	exon	1.000	253.000	0.008	ENSG00000101161.8	PRPF6	protein_coding
chr21:15799757|15818846	0.0537	exon	1.000	42.000	0.045	ENSG00000155313.16	USP25	protein_coding
chr21:26111979|26112146	0.0537	exon	1.000	444.000	0.004	ENSG00000142192.21	APP	protein_coding
chr21:31164962|31195305	0.0537	exon	1.000	34.000	0.056	ENSG00000156299.14	TIAM1	protein_coding
chr21:33559230|33559775	0.0537	exon	1.000	286.000	0.007	ENSG00000159140.21	SON	protein_coding
chr21:33559230|33569087	0.0537	exon	1.000	461.000	0.004	ENSG00000159140.21	SON	protein_coding
chr21:43686804|43688240	0.0537	exon	1.000	281.000	0.007	ENSG00000160208.13	RRP1B	protein_coding
chr21:44855210|44861271	0.0537	exon	1.000	336.000	0.006	ENSG00000183255.12	PTTG1IP	protein_coding
chr22:17917671|17917856	0.0537	intron	1.000	3.000	0.400	ENSG00000243156.9	MICAL3	protein_coding
chr22:28629552|28629830	0.0537	exon	1.000	8.000	0.200	ENSG00000100154.15	TTC28	protein_coding
chr22:29970976|29979052	0.0537	exon	1.000	24.000	0.077	ENSG00000100330.16	MTMR3	protein_coding
chr22:31265946|31423410	0.0537	exon	1.000	251.000	0.008	ENSG00000182541.18,ENSG00000212542.1,ENSG00000213888.3,ENSG00000228839.5,ENSG00000185721.13	LIMK2,RNA5SP496,LINC01521,PIK3IP1-DT,DRG1	protein_coding,rRNA_pseudogene,lncRNA,lncRNA,protein_coding
chr22:32478981|32485209	0.0537	exon	1.000	165.000	0.012	ENSG00000100225.18	FBXO7	protein_coding
chr22:41268097|41281082	0.0537	exon	1.000	591.000	0.003	ENSG00000100401.20	RANGAP1	protein_coding
chr22:41609238|41609827	0.0537	intron	1.000	7.000	0.222	ENSG00000100418.8	DESI1	protein_coding
chr22:50372020|50394135	0.1074	exon	2.000	97.000	0.040	ENSG00000100239.16	PPP6R2	protein_coding
chrX:23679165|23683694	0.0537	exon	1.000	1187.000	0.002	ENSG00000123131.13	PRDX4	protein_coding
chrX:24073601|24074959	0.1611	intron	3.000	18.000	0.250	ENSG00000130741.11	EIF2S3	protein_coding
chrX:40126139|40160225	0.1074	intron	2.000	0.000	1.000	ENSG00000183337.18	BCOR	protein_coding
chrX:46998120|47145485	0.0537	exon	1.000	97.000	0.020	ENSG00000206685.1,ENSG00000201659.1,ENSG00000102221.14,ENSG00000182872.16,ENSG00000130988.13,ENSG00000288759.1	RNU6-1189P,RNU12-2P,JADE3,RBM10,RGN,ENSG00000288759	snRNA,snRNA,protein_coding,protein_coding,protein_coding,lncRNA
chrX:47635282|47635430	0.0537	intergenic	1.000	5.000	0.286	None	None	None
chrX:53403566|53403893	0.1074	exon	2.000	311.000	0.013	ENSG00000072501.19	SMC1A	protein_coding
chrX:53985889|53987880	0.0537	exon	1.000	109.000	0.018	ENSG00000172943.21	PHF8	protein_coding
chrX:77633207|77664778	0.0537	exon	1.000	105.000	0.019	ENSG00000085224.23	ATRX	protein_coding
chrX:77652114|77664778	0.1074	exon	2.000	180.000	0.022	ENSG00000085224.23	ATRX	protein_coding
chrX:100678391|100703185	0.1074	exon	2.000	14.000	0.222	ENSG00000102362.16	SYTL4	protein_coding
chrX:130209653|130216101	0.0537	exon	1.000	28.000	0.067	ENSG00000056277.16	ZNF280C	protein_coding
chrX:131709498|131794466	0.0537	exon	1.000	16.000	0.111	ENSG00000213468.7	FIRRE	lncRNA
chrX:131749306|131794466	0.2147	exon	4.000	14.000	0.364	ENSG00000213468.7	FIRRE	lncRNA
chrX:131768549|131794466	0.1074	exon	2.000	22.000	0.154	ENSG00000213468.7	FIRRE	lncRNA
chrX:134473359|134493590	0.0537	exon	1.000	663.000	0.003	ENSG00000165704.15	HPRT1	protein_coding
chrX:140783175|140784659	1.2884	exon	24.000	23.000	0.676	ENSG00000203930.13	LINC00632	lncRNA
chrX:154011394|154017535	0.0537	intron	1.000	331.000	0.006	ENSG00000184216.14	IRAK1	protein_coding
